"cedula","orden1","respuesta1","respuesta_otro1","orden2","respuesta2","respuesta_otro2","orden3","respuesta3_1","respuesta3_1_otro","orden4","respuesta4_4","respuesta4_50_otro","respuesta4_54","respuesta4_54_otro","respuesta4_64","respuesta4_64_otro","respuesta4_69","respuesta4_69_otro","respuesta4_73","respuesta4_73_otro","orden5","respuesta5_2","respuesta5_2_otro","orden6","respuesta6_102","respuesta6_102_otro","respuesta6_113","respuesta6_113_otro","respuesta6_115","respuesta6_115_otro","respuesta6_51","respuesta6_51_otro","respuesta6_55","respuesta6_55_otro","respuesta6_6","respuesta6_61_otro","respuesta6_7","respuesta6_63_otro","respuesta6_65","respuesta6_65_otro","respuesta6_80","respuesta6_80_otro","orden7","respuesta7_103","respuesta7_103_otro","respuesta7_52","respuesta7_52_otro","respuesta7_56","respuesta7_56_otro","respuesta7_62","respuesta7_62_otro","respuesta7_66","respuesta7_66_otro","respuesta7_70","respuesta7_70_otro","respuesta7_78","respuesta7_78_otro","orden8","respuesta8_100","respuesta8_100_otro","respuesta8_3","respuesta8_3_otro","respuesta8_44","respuesta8_44_otro","respuesta8_57","respuesta8_57_otro","respuesta8_74","respuesta8_74_otro","respuesta8_76","respuesta8_76_otro","respuesta8_85","respuesta8_85_otro","respuesta8_86","respuesta8_86_otro","respuesta8_87","respuesta8_87_otro","respuesta8_89","respuesta8_89_otro","respuesta8_92","respuesta8_92_otro","respuesta8_96","respuesta8_96_otro","orden9","respuesta9_10","respuesta9_10_otro","respuesta9_11","respuesta9_11_otro","respuesta9_12","respuesta9_12_otro","respuesta9_13","respuesta9_13_otro","respuesta9_4","respuesta9_4_otro","respuesta9_5","respuesta9_5_otro","respuesta9_6","respuesta9_6_otro","respuesta9_7","respuesta9_7_otro","respuesta9_8","respuesta9_8_otro","respuesta9_9","respuesta9_9_otro","orden10","respuesta10_14","respuesta10_14_otro","respuesta10_15","respuesta10_15_otro","respuesta10_16","respuesta10_16_otro","respuesta10_17","respuesta10_17_otro","respuesta10_18","respuesta10_18_otro","respuesta10_19","respuesta10_19_otro","respuesta10_20","respuesta10_20_otro","respuesta10_21","respuesta10_21_otro","respuesta10_22","respuesta10_22_otro","respuesta10_23","respuesta10_23_otro","respuesta10_24","respuesta10_24_otro","orden11","respuesta11_25","respuesta11_25_otro","respuesta11_26","respuesta11_26_otro","respuesta11_27","respuesta11_27_otro","respuesta11_28","respuesta11_28_otro","respuesta11_29","respuesta11_29_otro","respuesta11_30","respuesta11_30_otro","respuesta11_31","respuesta11_31_otro","respuesta11_32","respuesta11_32_otro","respuesta11_33","respuesta11_33_otro","respuesta11_34","respuesta11_34_otro","respuesta11_35","respuesta11_35_otro","orden12","respuesta12_36","respuesta12_36_otro","respuesta12_37","respuesta12_37_otro","respuesta12_38","respuesta12_38_otro","respuesta12_39","respuesta12_39_otro","respuesta12_40","respuesta12_40_otro","respuesta12_41","respuesta12_41_otro","respuesta12_42","respuesta12_42_otro","respuesta12_43","respuesta12_43_otro","orden13","respuesta13_45","respuesta13_45_otro","orden14","respuesta14_46","respuesta14_46_otro","orden15","respuesta15_47","respuesta15_47_otro","orden16","respuesta16_105","respuesta16_105_otro","respuesta16_107","respuesta16_107_otro","respuesta16_116","respuesta16_116_otro","respuesta16_48","respuesta16_48_otro","respuesta16_53","respuesta16_53_otro","respuesta16_58","respuesta16_58_otro","respuesta16_67","respuesta16_67_otro","respuesta16_71","respuesta16_71_otro","respuesta16_79","respuesta16_79_otro","respuesta16_81","respuesta16_81_otro","respuesta16_83","respuesta16_83_otro","respuesta16_93","respuesta16_93_otro","respuesta16_99","respuesta16_99_otro","orden19","orden20","respuesta20_101","respuesta20_101_otro","respuesta20_104","respuesta20_104_otro","respuesta20_106","respuesta20_106_otro","respuesta20_108","respuesta20_108_otro","respuesta20_109","respuesta20_109_otro","respuesta20_110","respuesta20_110_otro","respuesta20_111","respuesta20_111_otro","respuesta20_112","respuesta20_112_otro","respuesta20_114","respuesta20_114_otro","respuesta20_49","respuesta20_49_otro","respuesta20_59","respuesta20_59_otro","respuesta20_60","respuesta20_60_otro","respuesta20_68","respuesta20_68_otro","respuesta20_72","respuesta20_72_otro","respuesta20_75","respuesta20_75_otro","respuesta20_77","respuesta20_77_otro","respuesta20_82","respuesta20_82_otro","respuesta20_84","respuesta20_84_otro","respuesta20_88","respuesta20_88_otro","respuesta20_90","respuesta20_90_otro","respuesta20_91","respuesta20_91_otro","respuesta20_94","respuesta20_94_otro","respuesta20_95","respuesta20_95_otro","respuesta20_97","respuesta20_97_otro","respuesta20_98","respuesta20_98_otro"
"8358944",1,"Soy mayor de edad",NULL,NULL,NULL,NULL,3,"SÍ",NULL,NULL,NULL,NULL,NULL,NULL,NULL,NULL,NULL,NULL,NULL,NULL,5,"No",NULL,NULL,NULL,NULL,NULL,NULL,NULL,NULL,NULL,NULL,NULL,NULL,NULL,NULL,NULL,NULL,NULL,NULL,NULL,NULL,NULL,NULL,NULL,NULL,NULL,NULL,NULL,NULL,NULL,NULL,NULL,NULL,NULL,NULL,NULL,8,NULL,NULL,"Campus Medellín - Ciudad universitaria",NULL,NULL,NULL,NULL,NULL,NULL,NULL,NULL,NULL,NULL,NULL,NULL,NULL,NULL,NULL,NULL,NULL,NULL,NULL,NULL,NULL,9,"Puertas de las aulas","5","Rampas","5","Senderos peatonales","6","Señalética","5","Ascensores","1","Baldosas podotáctiles (pisos táctiles)","5","Baños accesibles","6","Escaleras","6","Estacionamientos reservados","1","Mobiliario de aulas y oficinas","6",10,"Aulas y oficinas","5","Biblioteca","6","Cafeterías y servicios de alimentación","5","Enfermería","1","Escuchaderos","1","Espacios deportivos y gimnasios","6","Laboratorios y talleres","1","Lugares de esparcimiento y zonas comunes","5","Sala de lactancia","1","Salas de cómputo","6","Teatros y museos","6",11,"Comunicados y alertas universitarias (evacuación)","5","Contenidos educativos (material de cursos, talleres, etc)","6","Información en el desarrollo de actividades deportivas y recreativas","5","Información en el desarrollo de ferias y bazares","5","Información sobre las actividades culturales, deportivas y recreativas","5","Material audiovisual (en biblioteca)","5","Material impreso (libros, revistas, periódicos, etc)","5","Portal web de la UdeA","6","Recursos de información digital y electrónicos (en biblioteca)","5","Repositorio institucional (en biblioteca)","5","Revistas científicas, académicas, de divulgación (en versión digital - en biblioteca)","5",12,"Conocimiento y preparación de la comunidad universitaria en temas relacionados con la educación inclusiva y accesibilidad para todos.","4","Directrices institucionales para la implementación de adaptaciones curriculares en materia de accesibilidad.","1","Espacios de formación a la comunidad universitaria sobre aspectos que fomenten la accesibilidad.","1","Estrategias que fomentan la participación de personas con discapacidad en los distintos grupos de investigación de la Universidad.","1","Normatividad universitaria que contempla aspectos para la accesibilidad.","1","Oferta de programas académicos preparados para recibir a la población con discapacidad.","1","Recursos económicos y humanos para la producción de materiales accesibles.","1","Sensibilización y formación del personal de atención al público, respecto a las necesidades y requerimientos de las personas con discapacidad.","1",13,NULL,NULL,14,NULL,NULL,NULL,NULL,NULL,NULL,NULL,NULL,NULL,NULL,NULL,NULL,NULL,NULL,NULL,NULL,NULL,NULL,NULL,NULL,NULL,NULL,NULL,NULL,NULL,NULL,NULL,NULL,NULL,NULL,NULL,NULL,NULL,NULL,NULL,NULL,NULL,NULL,NULL,NULL,NULL,NULL,NULL,NULL,NULL,NULL,NULL,NULL,NULL,NULL,NULL,NULL,NULL,NULL,NULL,NULL,NULL,NULL,NULL,NULL,NULL,NULL,NULL,NULL,NULL,NULL,NULL,NULL,NULL,NULL,NULL,NULL,NULL,NULL,NULL,NULL,NULL,NULL,NULL,NULL,NULL,NULL,NULL,NULL
"71242653",1,"Soy mayor de edad",NULL,NULL,NULL,NULL,3,"SÍ",NULL,NULL,NULL,NULL,NULL,NULL,NULL,NULL,NULL,NULL,NULL,NULL,5,"No",NULL,NULL,NULL,NULL,NULL,NULL,NULL,NULL,NULL,NULL,NULL,NULL,NULL,NULL,NULL,NULL,NULL,NULL,NULL,NULL,NULL,NULL,NULL,NULL,NULL,NULL,NULL,NULL,NULL,NULL,NULL,NULL,NULL,NULL,NULL,8,NULL,NULL,NULL,NULL,"Campus Turbo",NULL,NULL,NULL,NULL,NULL,NULL,NULL,NULL,NULL,NULL,NULL,NULL,NULL,NULL,NULL,NULL,NULL,NULL,NULL,9,"Puertas de las aulas","6","Rampas","6","Senderos peatonales","6",NULL,NULL,NULL,NULL,NULL,NULL,NULL,NULL,"Escaleras","6",NULL,NULL,"Mobiliario de aulas y oficinas","6",10,"Aulas y oficinas","6","Biblioteca","6","Cafeterías y servicios de alimentación","6",NULL,NULL,NULL,NULL,NULL,NULL,"Laboratorios y talleres","6","Lugares de esparcimiento y zonas comunes","5",NULL,NULL,"Salas de cómputo","6",NULL,NULL,11,NULL,NULL,NULL,NULL,"Información en el desarrollo de actividades deportivas y recreativas","5","Información en el desarrollo de ferias y bazares","5","Información sobre las actividades culturales, deportivas y recreativas","6",NULL,NULL,NULL,NULL,"Portal web de la UdeA","6","Recursos de información digital y electrónicos (en biblioteca)","5",NULL,NULL,"Revistas científicas, académicas, de divulgación (en versión digital - en biblioteca)","5",NULL,NULL,NULL,NULL,NULL,NULL,NULL,NULL,NULL,NULL,NULL,NULL,NULL,NULL,NULL,NULL,NULL,13,"NO",NULL,14,"Si",NULL,15,"Por medio de texto",NULL,16,NULL,NULL,NULL,NULL,NULL,NULL,"Al igual que a mí, tampoco he visto que existan esta clase de anomalías con ningún compañero.",NULL,NULL,NULL,NULL,NULL,NULL,NULL,NULL,NULL,NULL,NULL,NULL,NULL,NULL,NULL,NULL,NULL,NULL,NULL,19,20,NULL,NULL,NULL,NULL,NULL,NULL,NULL,NULL,NULL,NULL,NULL,NULL,NULL,NULL,NULL,NULL,NULL,NULL,"Creo que la universidad está teniendo en cuenta la inclusión cada vez más, y la accesibilidad a los diferentes medios es muy importante para algunas personas que en algún momento sintieron que se vulneraban sus derechos o no había equidad.",NULL,NULL,NULL,NULL,NULL,NULL,NULL,NULL,NULL,NULL,NULL,NULL,NULL,NULL,NULL,NULL,NULL,NULL,NULL,NULL,NULL,NULL,NULL,NULL,NULL,NULL,NULL,NULL,NULL,NULL,NULL
"71278593",1,"Soy mayor de edad",NULL,NULL,NULL,NULL,3,"SÍ",NULL,4,"Mover el cuerpo, caminar, subir o bajar escaleras, agarrar o mover objetos con las manos.",NULL,NULL,NULL,NULL,NULL,NULL,NULL,NULL,NULL,5,NULL,NULL,6,NULL,NULL,NULL,NULL,NULL,NULL,"Personas con compromiso en miembros superiores e inferiores",NULL,NULL,NULL,NULL,NULL,NULL,NULL,NULL,NULL,NULL,NULL,7,NULL,NULL,"Dispositivo ortopédico (órtesis, prótesis)",NULL,NULL,NULL,NULL,NULL,NULL,NULL,NULL,NULL,NULL,NULL,8,NULL,NULL,"Campus Medellín - Ciudad universitaria",NULL,NULL,NULL,NULL,NULL,NULL,NULL,NULL,NULL,NULL,NULL,NULL,NULL,NULL,NULL,NULL,NULL,NULL,NULL,NULL,NULL,9,NULL,NULL,"Rampas","3","Senderos peatonales","3",NULL,NULL,"Ascensores","5",NULL,NULL,NULL,NULL,"Escaleras","3",NULL,NULL,NULL,NULL,10,"Aulas y oficinas","4","Biblioteca","5","Cafeterías y servicios de alimentación","5","Enfermería","5","Escuchaderos","6","Espacios deportivos y gimnasios","3","Laboratorios y talleres","4","Lugares de esparcimiento y zonas comunes","4","Sala de lactancia","1","Salas de cómputo","4","Teatros y museos","3",11,"Comunicados y alertas universitarias (evacuación)","5","Contenidos educativos (material de cursos, talleres, etc)","5","Información en el desarrollo de actividades deportivas y recreativas","5","Información en el desarrollo de ferias y bazares","5","Información sobre las actividades culturales, deportivas y recreativas","5","Material audiovisual (en biblioteca)","5","Material impreso (libros, revistas, periódicos, etc)","5","Portal web de la UdeA","5","Recursos de información digital y electrónicos (en biblioteca)","4","Repositorio institucional (en biblioteca)","6","Revistas científicas, académicas, de divulgación (en versión digital - en biblioteca)","4",12,"Conocimiento y preparación de la comunidad universitaria en temas relacionados con la educación inclusiva y accesibilidad para todos.","3","Directrices institucionales para la implementación de adaptaciones curriculares en materia de accesibilidad.","3","Espacios de formación a la comunidad universitaria sobre aspectos que fomenten la accesibilidad.","4","Estrategias que fomentan la participación de personas con discapacidad en los distintos grupos de investigación de la Universidad.","3","Normatividad universitaria que contempla aspectos para la accesibilidad.","3","Oferta de programas académicos preparados para recibir a la población con discapacidad.","4","Recursos económicos y humanos para la producción de materiales accesibles.","3","Sensibilización y formación del personal de atención al público, respecto a las necesidades y requerimientos de las personas con discapacidad.","3",13,NULL,NULL,14,"Si",NULL,15,"Por medio de texto",NULL,16,NULL,NULL,NULL,NULL,NULL,NULL,NULL,NULL,"Ciertas barreras actitudinales de personas se la Universidad, generan dificultades de acceso.",NULL,NULL,NULL,NULL,NULL,NULL,NULL,NULL,NULL,NULL,NULL,NULL,NULL,NULL,NULL,NULL,NULL,NULL,NULL,NULL,NULL,NULL,NULL,NULL,NULL,NULL,NULL,NULL,NULL,NULL,NULL,NULL,NULL,NULL,NULL,NULL,NULL,NULL,NULL,NULL,NULL,NULL,NULL,NULL,NULL,NULL,NULL,NULL,NULL,NULL,NULL,NULL,NULL,NULL,NULL,NULL,NULL,NULL,NULL,NULL,NULL,NULL,NULL,NULL,NULL,NULL,NULL,NULL,NULL
"71397032",1,"Soy mayor de edad",NULL,NULL,NULL,NULL,3,"SÍ",NULL,4,"Mover el cuerpo, caminar, subir o bajar escaleras, agarrar o mover objetos con las manos.",NULL,"Oír la voz o sonidos (incluso con ayudas auditivas, audífonos, implante coclear, otros).",NULL,NULL,NULL,NULL,NULL,NULL,NULL,5,NULL,NULL,6,NULL,NULL,NULL,NULL,NULL,NULL,NULL,NULL,"Persona con hipoacusia (usuaria del español como primera lengua) - Personas con compromiso en miembros superiores e inferiores - Múltiple",NULL,NULL,NULL,NULL,NULL,NULL,NULL,NULL,NULL,7,NULL,NULL,"Dispositivo ortopédico (órtesis, prótesis)",NULL,"Ayudas auditivas, audífonos, implante coclear.",NULL,NULL,NULL,NULL,NULL,NULL,NULL,NULL,NULL,8,NULL,NULL,"Campus Medellín - Ciudad universitaria",NULL,NULL,NULL,"Campus Medellín - Sede Posgrados",NULL,NULL,NULL,NULL,NULL,NULL,NULL,NULL,NULL,NULL,NULL,NULL,NULL,NULL,NULL,NULL,NULL,9,"Puertas de las aulas","3","Rampas","5","Senderos peatonales","5","Señalética","5","Ascensores","4","Baldosas podotáctiles (pisos táctiles)","1","Baños accesibles","5","Escaleras","5","Estacionamientos reservados","4","Mobiliario de aulas y oficinas","4",10,"Aulas y oficinas","5","Biblioteca","5","Cafeterías y servicios de alimentación","5","Enfermería","1","Escuchaderos","1","Espacios deportivos y gimnasios","3","Laboratorios y talleres","1","Lugares de esparcimiento y zonas comunes","5","Sala de lactancia","1","Salas de cómputo","5","Teatros y museos","5",11,"Comunicados y alertas universitarias (evacuación)","5","Contenidos educativos (material de cursos, talleres, etc)","5","Información en el desarrollo de actividades deportivas y recreativas","5","Información en el desarrollo de ferias y bazares","5","Información sobre las actividades culturales, deportivas y recreativas","5","Material audiovisual (en biblioteca)","5","Material impreso (libros, revistas, periódicos, etc)","5","Portal web de la UdeA","5","Recursos de información digital y electrónicos (en biblioteca)","5","Repositorio institucional (en biblioteca)","5","Revistas científicas, académicas, de divulgación (en versión digital - en biblioteca)","5",12,"Conocimiento y preparación de la comunidad universitaria en temas relacionados con la educación inclusiva y accesibilidad para todos.","3","Directrices institucionales para la implementación de adaptaciones curriculares en materia de accesibilidad.","3","Espacios de formación a la comunidad universitaria sobre aspectos que fomenten la accesibilidad.","4","Estrategias que fomentan la participación de personas con discapacidad en los distintos grupos de investigación de la Universidad.","2","Normatividad universitaria que contempla aspectos para la accesibilidad.","2","Oferta de programas académicos preparados para recibir a la población con discapacidad.","3","Recursos económicos y humanos para la producción de materiales accesibles.","3","Sensibilización y formación del personal de atención al público, respecto a las necesidades y requerimientos de las personas con discapacidad.","3",13,NULL,NULL,14,"Si",NULL,15,"Por medio de texto",NULL,16,NULL,NULL,NULL,NULL,NULL,NULL,NULL,NULL,NULL,NULL,"Utilización de términos como: Discapacitado, mocho. Señalamientos con el dedo o la mano para indicar a otra persona que va pasando una persona distinta. Por parte del personal de vigilancia por el mero hecho de no ser usuario de silla de ruedas manifiestan que una persona no tiene discapacidad por su propio desconocimiento, me pasaba que no podía utilizar el espacio de parqueo porque no era usuario de silla de ruedas. Tratamientos despectivos al no saber como llamar o tratar a una persona con discapacidad. La palmada en el hombro en manifestación a pobrecito. Por parte de administrativos o profesores al mero hecho de pensar que porque no posee sus manos no puede firmar o pasar al tablero a escribir. Asimismo al solicitar vocalizar mejor y subir el tono de voz se molestan dado que tengo hipoacusia. Asimismo inconvenientes con tramites administrativos al no saber que hacer cuando hay que firmar un documento y además plasmar la huella y en mi caso no tener las manos. También el uso de tapabocas y las cabinas o cubículos con vidrios o agujeros para la escucha y atención de usuarios se me dificulta, por el bajo tono de voz con y sin tapabocas, por no vocalizar bien, dado además que se me facilita o dificulta leer los labios para entender mejor. En ocasiones al ver que llega la persona con discapacidad ven que llega un problema, por el simple hecho que reiteradamente solicita y exige sus derechos. En ocasiones sin preguntar la persona aduce que por el mero hecho de estar en una condición de discapacidad no lo puede hacer y no pregunta. En mi caso estirar el brazo para saludar o dar la mano y la otra persona no sabe como responder al saludo, en ocasiones dan la mano y toman el brazo, en otras dan un puño de saludo, en otras retiran la mano y en su mayoría dan la palmada en el hombro","nota: Si yo extiendo mi brazo para saludar o dar la mano, lo que espero es que me den la mano.",NULL,NULL,NULL,NULL,NULL,NULL,NULL,NULL,NULL,NULL,NULL,NULL,NULL,NULL,19,20,NULL,NULL,NULL,NULL,NULL,NULL,NULL,NULL,NULL,NULL,NULL,NULL,NULL,NULL,NULL,NULL,NULL,NULL,NULL,NULL,"En muchas ocasiones he presentado inconvenientes con el personal de vigilancia por mi tipo de discapacidad, al ellos entender por ejemplo el logo universal de discapacidad solo para usuarios de silla de ruedas. Respecto al uso de ascensores presento inconvenientes con sus comandos de oprimir botones o sostener palancas y afines. También con las pantallas táctiles de máquinas expendedoras o máquinas de entrega de tikets para turnos de atención. Respecto a los andenes he presentado caídas y golpes en los dedos de los píes por el hundimiento o sobresalida de las placas de los senderos.",NULL,NULL,NULL,NULL,NULL,NULL,NULL,NULL,NULL,NULL,NULL,NULL,NULL,NULL,NULL,NULL,NULL,NULL,NULL,NULL,NULL,NULL,NULL,NULL,NULL,NULL,NULL,NULL,NULL
"71609097",1,"Soy mayor de edad",NULL,NULL,NULL,NULL,3,"SÍ",NULL,NULL,NULL,NULL,NULL,NULL,NULL,NULL,NULL,NULL,NULL,NULL,5,"No",NULL,NULL,NULL,NULL,NULL,NULL,NULL,NULL,NULL,NULL,NULL,NULL,NULL,NULL,NULL,NULL,NULL,NULL,NULL,NULL,NULL,NULL,NULL,NULL,NULL,NULL,NULL,NULL,NULL,NULL,NULL,NULL,NULL,NULL,NULL,8,NULL,NULL,"Campus Medellín - Ciudad universitaria",NULL,NULL,NULL,NULL,NULL,NULL,NULL,NULL,NULL,NULL,NULL,NULL,NULL,NULL,NULL,NULL,NULL,NULL,NULL,NULL,NULL,9,"Puertas de las aulas","6","Rampas","4","Senderos peatonales","5","Señalética","3","Ascensores","3","Baldosas podotáctiles (pisos táctiles)","4","Baños accesibles","2","Escaleras","5","Estacionamientos reservados","1","Mobiliario de aulas y oficinas","5",10,"Aulas y oficinas","6","Biblioteca","6","Cafeterías y servicios de alimentación","6","Enfermería","5","Escuchaderos","1","Espacios deportivos y gimnasios","6","Laboratorios y talleres","6","Lugares de esparcimiento y zonas comunes","6","Sala de lactancia","1","Salas de cómputo","6","Teatros y museos","6",11,"Comunicados y alertas universitarias (evacuación)","5","Contenidos educativos (material de cursos, talleres, etc)","6","Información en el desarrollo de actividades deportivas y recreativas","5","Información en el desarrollo de ferias y bazares","5","Información sobre las actividades culturales, deportivas y recreativas","5","Material audiovisual (en biblioteca)","1","Material impreso (libros, revistas, periódicos, etc)","5","Portal web de la UdeA","4","Recursos de información digital y electrónicos (en biblioteca)","4","Repositorio institucional (en biblioteca)","1","Revistas científicas, académicas, de divulgación (en versión digital - en biblioteca)","3",12,"Conocimiento y preparación de la comunidad universitaria en temas relacionados con la educación inclusiva y accesibilidad para todos.","3","Directrices institucionales para la implementación de adaptaciones curriculares en materia de accesibilidad.","3","Espacios de formación a la comunidad universitaria sobre aspectos que fomenten la accesibilidad.","4","Estrategias que fomentan la participación de personas con discapacidad en los distintos grupos de investigación de la Universidad.","3","Normatividad universitaria que contempla aspectos para la accesibilidad.","2","Oferta de programas académicos preparados para recibir a la población con discapacidad.","2","Recursos económicos y humanos para la producción de materiales accesibles.","2","Sensibilización y formación del personal de atención al público, respecto a las necesidades y requerimientos de las personas con discapacidad.","2",13,"NO",NULL,14,NULL,NULL,NULL,"Por medio de texto",NULL,NULL,NULL,NULL,NULL,NULL,NULL,NULL,NULL,NULL,NULL,NULL,NULL,NULL,NULL,NULL,NULL,NULL,NULL,NULL,NULL,NULL,NULL,NULL,NULL,NULL,NULL,NULL,19,20,NULL,NULL,NULL,NULL,NULL,NULL,NULL,NULL,NULL,NULL,NULL,NULL,NULL,NULL,NULL,NULL,NULL,NULL,NULL,NULL,NULL,NULL,"Gracias por este esfuerzo, muy bienvenido.",NULL,NULL,NULL,NULL,NULL,NULL,NULL,NULL,NULL,NULL,NULL,NULL,NULL,NULL,NULL,NULL,NULL,NULL,NULL,NULL,NULL,NULL,NULL,NULL,NULL,NULL,NULL
"71645226",1,"Soy mayor de edad",NULL,NULL,NULL,NULL,3,"SÍ",NULL,4,"Mover el cuerpo, caminar, subir o bajar escaleras, agarrar o mover objetos con las manos.",NULL,NULL,NULL,NULL,NULL,NULL,NULL,NULL,NULL,5,"No",NULL,6,NULL,NULL,NULL,NULL,NULL,NULL,NULL,NULL,NULL,NULL,"Persona con compromiso en miembros inferiores",NULL,NULL,NULL,NULL,NULL,NULL,NULL,7,NULL,NULL,NULL,NULL,NULL,NULL,"Bastón de apoyo",NULL,NULL,NULL,NULL,NULL,NULL,NULL,8,NULL,NULL,"Campus Medellín - Ciudad universitaria",NULL,NULL,NULL,NULL,NULL,NULL,NULL,NULL,NULL,NULL,NULL,NULL,NULL,NULL,NULL,NULL,NULL,NULL,NULL,NULL,NULL,9,"Puertas de las aulas","6","Rampas","6","Senderos peatonales","5",NULL,NULL,"Ascensores","4",NULL,NULL,"Baños accesibles","6","Escaleras","3","Estacionamientos reservados","3","Mobiliario de aulas y oficinas","6",10,"Aulas y oficinas","4","Biblioteca","4","Cafeterías y servicios de alimentación","5",NULL,NULL,NULL,NULL,NULL,NULL,NULL,NULL,NULL,NULL,NULL,NULL,NULL,NULL,"Teatros y museos","5",11,"Comunicados y alertas universitarias (evacuación)","6",NULL,NULL,NULL,NULL,"Información en el desarrollo de ferias y bazares","5","Información sobre las actividades culturales, deportivas y recreativas","6",NULL,NULL,"Material impreso (libros, revistas, periódicos, etc)","4","Portal web de la UdeA","6","Recursos de información digital y electrónicos (en biblioteca)","6","Repositorio institucional (en biblioteca)","6","Revistas científicas, académicas, de divulgación (en versión digital - en biblioteca)","6",12,"Conocimiento y preparación de la comunidad universitaria en temas relacionados con la educación inclusiva y accesibilidad para todos.","4",NULL,NULL,NULL,NULL,NULL,NULL,"Normatividad universitaria que contempla aspectos para la accesibilidad.","4",NULL,NULL,NULL,NULL,"Sensibilización y formación del personal de atención al público, respecto a las necesidades y requerimientos de las personas con discapacidad.","4",13,"NO",NULL,14,"Si",NULL,NULL,NULL,NULL,NULL,NULL,NULL,NULL,NULL,NULL,NULL,NULL,NULL,NULL,NULL,NULL,NULL,NULL,NULL,NULL,NULL,NULL,NULL,NULL,NULL,NULL,NULL,NULL,NULL,NULL,NULL,NULL,NULL,NULL,NULL,NULL,NULL,NULL,NULL,NULL,NULL,NULL,NULL,NULL,NULL,NULL,NULL,NULL,NULL,NULL,NULL,NULL,NULL,NULL,NULL,NULL,NULL,NULL,NULL,NULL,NULL,NULL,NULL,NULL,NULL,NULL,NULL,NULL,NULL,NULL,NULL,NULL,NULL,NULL,NULL,NULL,NULL,NULL,NULL,NULL,NULL,NULL,NULL
"71773080",1,"Soy mayor de edad",NULL,NULL,NULL,NULL,3,"SÍ",NULL,NULL,NULL,NULL,NULL,NULL,NULL,NULL,NULL,NULL,NULL,NULL,5,"No",NULL,6,NULL,NULL,NULL,NULL,NULL,NULL,NULL,NULL,NULL,NULL,NULL,NULL,"Psico-Social - MENTAL",NULL,NULL,NULL,NULL,NULL,NULL,NULL,NULL,NULL,NULL,NULL,NULL,NULL,NULL,NULL,NULL,NULL,NULL,NULL,NULL,8,NULL,NULL,"Campus Medellín - Ciudad universitaria",NULL,NULL,NULL,NULL,NULL,NULL,NULL,NULL,NULL,NULL,NULL,NULL,NULL,NULL,NULL,NULL,NULL,NULL,NULL,NULL,NULL,NULL,NULL,NULL,NULL,NULL,NULL,NULL,NULL,NULL,NULL,NULL,NULL,NULL,NULL,NULL,NULL,NULL,NULL,NULL,NULL,NULL,NULL,NULL,NULL,NULL,NULL,NULL,NULL,NULL,NULL,NULL,NULL,NULL,NULL,NULL,NULL,NULL,NULL,NULL,NULL,NULL,NULL,NULL,NULL,NULL,NULL,NULL,NULL,NULL,NULL,NULL,NULL,NULL,NULL,NULL,NULL,NULL,NULL,NULL,NULL,NULL,NULL,NULL,NULL,NULL,NULL,NULL,NULL,NULL,NULL,NULL,NULL,NULL,NULL,NULL,NULL,NULL,NULL,NULL,NULL,NULL,NULL,NULL,NULL,13,"NO",NULL,14,"Si",NULL,NULL,NULL,NULL,NULL,NULL,NULL,NULL,NULL,NULL,NULL,NULL,NULL,NULL,NULL,NULL,NULL,NULL,NULL,NULL,NULL,NULL,NULL,NULL,NULL,NULL,NULL,NULL,NULL,NULL,NULL,NULL,NULL,NULL,NULL,NULL,NULL,NULL,NULL,NULL,NULL,NULL,NULL,NULL,NULL,NULL,NULL,NULL,NULL,NULL,NULL,NULL,NULL,NULL,NULL,NULL,NULL,NULL,NULL,NULL,NULL,NULL,NULL,NULL,NULL,NULL,NULL,NULL,NULL,NULL,NULL,NULL,NULL,NULL,NULL,NULL,NULL,NULL,NULL,NULL,NULL,NULL,NULL
"71785222",1,"Soy mayor de edad",NULL,NULL,NULL,NULL,3,"SÍ",NULL,4,NULL,NULL,NULL,NULL,"Ver de cerca, de lejos o alrededor (incluso cuando usas gafas).",NULL,NULL,NULL,NULL,NULL,5,NULL,NULL,6,NULL,NULL,NULL,NULL,NULL,NULL,NULL,NULL,NULL,NULL,NULL,NULL,NULL,NULL,"Persona Ciega",NULL,NULL,NULL,7,NULL,NULL,NULL,NULL,NULL,NULL,NULL,NULL,"Bastón de orientación y movilidad",NULL,NULL,NULL,NULL,NULL,8,NULL,NULL,"Campus Medellín - Ciudad universitaria",NULL,NULL,NULL,"Campus Medellín - Sede Posgrados",NULL,NULL,NULL,NULL,NULL,NULL,NULL,NULL,NULL,NULL,NULL,NULL,NULL,NULL,NULL,NULL,NULL,9,"Puertas de las aulas","6","Rampas","4","Senderos peatonales","3","Señalética","3","Ascensores","2","Baldosas podotáctiles (pisos táctiles)","4","Baños accesibles","4","Escaleras","6","Estacionamientos reservados","1","Mobiliario de aulas y oficinas","6",10,"Aulas y oficinas","6","Biblioteca","5","Cafeterías y servicios de alimentación","5","Enfermería","4","Escuchaderos","1","Espacios deportivos y gimnasios","4","Laboratorios y talleres","4","Lugares de esparcimiento y zonas comunes","5","Sala de lactancia","1","Salas de cómputo","4","Teatros y museos","3",11,"Comunicados y alertas universitarias (evacuación)","3","Contenidos educativos (material de cursos, talleres, etc)","4","Información en el desarrollo de actividades deportivas y recreativas","4","Información en el desarrollo de ferias y bazares","4","Información sobre las actividades culturales, deportivas y recreativas","4","Material audiovisual (en biblioteca)","1","Material impreso (libros, revistas, periódicos, etc)","2","Portal web de la UdeA","4","Recursos de información digital y electrónicos (en biblioteca)","6","Repositorio institucional (en biblioteca)","6","Revistas científicas, académicas, de divulgación (en versión digital - en biblioteca)","6",12,"Conocimiento y preparación de la comunidad universitaria en temas relacionados con la educación inclusiva y accesibilidad para todos.","3","Directrices institucionales para la implementación de adaptaciones curriculares en materia de accesibilidad.","3","Espacios de formación a la comunidad universitaria sobre aspectos que fomenten la accesibilidad.","2","Estrategias que fomentan la participación de personas con discapacidad en los distintos grupos de investigación de la Universidad.","3","Normatividad universitaria que contempla aspectos para la accesibilidad.","3","Oferta de programas académicos preparados para recibir a la población con discapacidad.","2","Recursos económicos y humanos para la producción de materiales accesibles.","3","Sensibilización y formación del personal de atención al público, respecto a las necesidades y requerimientos de las personas con discapacidad.","3",13,NULL,NULL,14,"Si",NULL,15,"Por medio de texto",NULL,16,NULL,NULL,NULL,NULL,NULL,NULL,NULL,NULL,NULL,NULL,NULL,NULL,"Creo que falta mucha preparación sobre todo, al personal docente. Pues su gota de poder dentro del aula, hace que se crean invencibles y las máximas autoridades del aprendizaje",NULL,NULL,NULL,NULL,NULL,NULL,NULL,NULL,NULL,NULL,NULL,NULL,NULL,19,20,NULL,NULL,NULL,NULL,NULL,NULL,NULL,NULL,NULL,NULL,NULL,NULL,NULL,NULL,NULL,NULL,NULL,NULL,NULL,NULL,NULL,NULL,NULL,NULL,"Gracias",NULL,NULL,NULL,NULL,NULL,NULL,NULL,NULL,NULL,NULL,NULL,NULL,NULL,NULL,NULL,NULL,NULL,NULL,NULL,NULL,NULL,NULL,NULL,NULL,NULL
"98667417",1,"Soy mayor de edad",NULL,NULL,NULL,NULL,3,"SÍ",NULL,NULL,NULL,NULL,NULL,NULL,NULL,NULL,NULL,NULL,NULL,NULL,5,"No",NULL,NULL,NULL,NULL,NULL,NULL,NULL,NULL,NULL,NULL,NULL,NULL,NULL,NULL,NULL,NULL,NULL,NULL,NULL,NULL,NULL,NULL,NULL,NULL,NULL,NULL,NULL,NULL,NULL,NULL,NULL,NULL,NULL,NULL,NULL,8,NULL,NULL,"Campus Medellín - Ciudad universitaria",NULL,NULL,NULL,NULL,NULL,NULL,NULL,NULL,NULL,NULL,NULL,NULL,NULL,NULL,NULL,NULL,NULL,NULL,NULL,NULL,NULL,9,NULL,NULL,NULL,NULL,NULL,NULL,NULL,NULL,NULL,NULL,NULL,NULL,NULL,NULL,"Escaleras","6",NULL,NULL,NULL,NULL,10,"Aulas y oficinas","6","Biblioteca","6",NULL,NULL,NULL,NULL,NULL,NULL,NULL,NULL,NULL,NULL,NULL,NULL,NULL,NULL,NULL,NULL,"Teatros y museos","6",11,NULL,NULL,"Contenidos educativos (material de cursos, talleres, etc)","6",NULL,NULL,NULL,NULL,NULL,NULL,"Material audiovisual (en biblioteca)","6",NULL,NULL,NULL,NULL,NULL,NULL,NULL,NULL,"Revistas científicas, académicas, de divulgación (en versión digital - en biblioteca)","6",12,NULL,NULL,NULL,NULL,NULL,NULL,NULL,NULL,"Normatividad universitaria que contempla aspectos para la accesibilidad.","6",NULL,NULL,NULL,NULL,NULL,NULL,13,"NO",NULL,14,NULL,NULL,NULL,NULL,NULL,NULL,NULL,NULL,NULL,NULL,NULL,NULL,NULL,NULL,NULL,NULL,NULL,NULL,NULL,NULL,NULL,NULL,NULL,NULL,NULL,NULL,NULL,NULL,NULL,NULL,NULL,NULL,NULL,NULL,NULL,NULL,NULL,NULL,NULL,NULL,NULL,NULL,NULL,NULL,NULL,NULL,NULL,NULL,NULL,NULL,NULL,NULL,NULL,NULL,NULL,NULL,NULL,NULL,NULL,NULL,NULL,NULL,NULL,NULL,NULL,NULL,NULL,NULL,NULL,NULL,NULL,NULL,NULL,NULL,NULL,NULL,NULL,NULL,NULL,NULL,NULL,NULL,NULL,NULL
"1000099120",1,"Soy mayor de edad",NULL,NULL,NULL,NULL,3,"SÍ",NULL,4,NULL,NULL,"Oír la voz o sonidos (incluso con ayudas auditivas, audífonos, implante coclear, otros).",NULL,NULL,NULL,NULL,NULL,NULL,NULL,5,"No",NULL,NULL,NULL,NULL,NULL,NULL,NULL,NULL,NULL,NULL,NULL,NULL,NULL,NULL,NULL,NULL,NULL,NULL,NULL,NULL,7,NULL,NULL,NULL,NULL,"Ayudas auditivas, audífonos, implante coclear.",NULL,NULL,NULL,NULL,NULL,NULL,NULL,NULL,NULL,8,NULL,NULL,"Campus Medellín - Ciudad universitaria",NULL,NULL,NULL,NULL,NULL,NULL,NULL,NULL,NULL,NULL,NULL,NULL,NULL,NULL,NULL,NULL,NULL,NULL,NULL,NULL,NULL,9,NULL,NULL,"Rampas","5",NULL,NULL,NULL,NULL,NULL,NULL,NULL,NULL,NULL,NULL,NULL,NULL,NULL,NULL,NULL,NULL,10,"Aulas y oficinas","5",NULL,NULL,NULL,NULL,NULL,NULL,NULL,NULL,NULL,NULL,NULL,NULL,NULL,NULL,NULL,NULL,NULL,NULL,NULL,NULL,11,NULL,NULL,"Contenidos educativos (material de cursos, talleres, etc)","5",NULL,NULL,NULL,NULL,NULL,NULL,NULL,NULL,NULL,NULL,NULL,NULL,NULL,NULL,NULL,NULL,NULL,NULL,12,NULL,NULL,NULL,NULL,NULL,NULL,NULL,NULL,NULL,NULL,NULL,NULL,NULL,NULL,"Sensibilización y formación del personal de atención al público, respecto a las necesidades y requerimientos de las personas con discapacidad.","5",13,"NO",NULL,14,NULL,NULL,NULL,"Por medio de texto",NULL,NULL,NULL,NULL,NULL,NULL,NULL,NULL,NULL,NULL,NULL,NULL,NULL,NULL,NULL,NULL,NULL,NULL,NULL,NULL,NULL,NULL,NULL,NULL,NULL,NULL,NULL,NULL,19,20,NULL,NULL,NULL,NULL,NULL,NULL,NULL,NULL,NULL,NULL,NULL,NULL,NULL,NULL,NULL,NULL,NULL,NULL,NULL,NULL,NULL,NULL,NULL,NULL,NULL,NULL,NULL,NULL,NULL,NULL,NULL,NULL,NULL,NULL,NULL,NULL,NULL,NULL,NULL,NULL,NULL,NULL,NULL,NULL,NULL,NULL,NULL,NULL,NULL,NULL
